{
  "metadata": {
    "analysis_date": "2025-06-19T00:45:52.022920",
    "total_agents": 89,
    "verified_path": "/Users/zhangkunlong/Desktop/SWE-bench_experiments/experiments/evaluation/verified"
  },
  "summary": {
    "total_unique_instances": 500,
    "num_agents": 89,
    "all_agents_same_count": false,
    "min_instances_per_agent": 90,
    "max_instances_per_agent": 500,
    "avg_instances_per_agent": 291.85393258426967
  },
  "instances_per_agent": {
    "20250120_Bracket": 283,
    "20241120_artemis_agent": 164,
    "20250520_openhands_devstral_small": 239,
    "20240612_MASAI_gpt4o": 185,
    "20240721_amazon-q-developer-agent-20240719-dev": 500,
    "20241208_gru": 285,
    "20240615_appmap-navie_gpt4o": 499,
    "20240509_amazon-q-developer-agent-20240430-dev": 500,
    "20250110_blackboxai_agent_v1.1": 334,
    "20240628_autocoderover-v20240620": 492,
    "20231010_rag_swellama13b": 481,
    "20241002_lingma-agent_lingma-swe-gpt-72b": 152,
    "20240920_solver": 222,
    "20231010_rag_claude2": 500,
    "20250528_patchpilot_Co-PatcheR": 230,
    "20241202_amazon-q-developer-agent-20241202-dev": 276,
    "20250117_wandb_programmer_o1_crosscheck5": 324,
    "20250515_Refact_Agent": 353,
    "20250516_cortexa_o3": 462,
    "20240402_sweagent_claude3opus": 496,
    "20241113_nebius-search-open-weight-models-11-24": 204,
    "20250524_openhands_claude_4_sonnet": 352,
    "20241128_SWE-Fixer_Qwen2.5-7b-retriever_Qwen2.5-72b-editor_20241128": 153,
    "20250112_ugaiforge": 215,
    "20241028_agentless-1.5_gpt4o": 198,
    "20250316_augment_agent_v0": 327,
    "20240402_rag_gpt4": 500,
    "20250527_amazon.nova-premier-v1.0": 227,
    "20241022_tools_claude-3-5-sonnet-updated": 259,
    "20250118_codeshellagent_gemini_2.0_flash_experimental": 234,
    "20241125_enginelabs": 267,
    "20250415_openhands": 329,
    "20250226_swerl_llama3_70b": 206,
    "20241022_tools_claude-3-5-haiku": 219,
    "20241212_epam-ai-run-claude-3-5-sonnet": 286,
    "20250511_sweagent_lm_32b": 205,
    "20250214_agentless_lite_o3_mini": 222,
    "20241001_nfactorial": 149,
    "20250405_amazon-q-developer-agent-20250405-dev": 327,
    "20250514_aime_coder": 332,
    "20250410_cortexa": 291,
    "20240824_gru": 226,
    "20240924_solver": 229,
    "20250519_trae": 353,
    "20241202_agentless-1.5_claude-3.5-sonnet-20241022": 257,
    "20250522_tools_claude-4-opus": 366,
    "20240728_sweagent_gpt4o": 166,
    "20240820_honeycomb": 217,
    "20241108_devlo": 271,
    "20231010_rag_swellama7b": 496,
    "20240620_sweagent_claude3.5sonnet": 179,
    "20250122_autocoderover-v2.1-claude-3-5-sonnet-20241022": 263,
    "20240402_sweagent_gpt4": 495,
    "20250522_sweagent_claude-4-sonnet-20250514": 333,
    "20250306_SWE-Fixer_Qwen2.5-7b-retriever_Qwen2.5-72b-editor": 183,
    "20250225_sweagent_claude-3-7-sonnet": 314,
    "20240820_epam-ai-run-gpt-4o": 138,
    "20241028_solver": 251,
    "20241002_lingma-agent_lingma-swe-gpt-7b": 177,
    "20241029_OpenHands-CodeAct-2.1-sonnet-20241022": 271,
    "20241223_emergent": 286,
    "20241016_composio_swekit": 203,
    "20240402_rag_claude3opus": 500,
    "20240918_lingma-agent_lingma-swe-gpt-7b": 90,
    "20240918_lingma-agent_lingma-swe-gpt-72b": 140,
    "20250503_patchpilot-v1.1-o4-mini": 336,
    "20241030_nfactorial": 211,
    "20241007_nfactorial": 180,
    "20231010_rag_gpt35": 500,
    "20241221_codestory_midwit_claude-3-5-sonnet_swe-search": 356,
    "20241213_devlo": 291,
    "20250519_devlo": 351,
    "20241108_autocoderover-v2.0-claude-3-5-sonnet-20241022": 235,
    "20250430_zencoder_ai": 351,
    "20241105_nfactorial": 256,
    "20241016_epam-ai-run-gpt-4o": 147,
    "20241025_composio_swekit": 244,
    "20240617_factory_code_droid": 500,
    "20250206_agentscope": 319,
    "20250522_tools_claude-4-sonnet": 362,
    "20250203_openhands_4x_scaled": 304,
    "20241029_epam-ai-run-claude-3-5-sonnet": 223,
    "20241106_navie-2-gpt4o-sonnet": 243,
    "20241023_emergent": 235,
    "20241125_marscode-agent-dev": 252,
    "20250224_tools_claude-3-7-sonnet": 316,
    "20241212_google_jules_gemini_2.0_flash_experimental": 261,
    "20250228_epam-ai-run-claude-3-5-sonnet": 318,
    "20250110_learn_by_interact_claude3.5": 301
  },
  "sample_instances": [
    "astropy__astropy-12907",
    "astropy__astropy-13033",
    "astropy__astropy-13236",
    "astropy__astropy-13398",
    "astropy__astropy-13453",
    "astropy__astropy-13579",
    "astropy__astropy-13977",
    "astropy__astropy-14096",
    "astropy__astropy-14182",
    "astropy__astropy-14309",
    "astropy__astropy-14365",
    "astropy__astropy-14369",
    "astropy__astropy-14508",
    "astropy__astropy-14539",
    "astropy__astropy-14598",
    "astropy__astropy-14995",
    "astropy__astropy-7166",
    "astropy__astropy-7336",
    "astropy__astropy-7606",
    "astropy__astropy-7671"
  ]
}