{
  "metadata": {
    "analysis_date": "2025-06-19T00:45:52.023248",
    "total_agents": 89,
    "verified_path": "/Users/zhangkunlong/Desktop/SWE-bench_experiments/experiments/evaluation/verified"
  },
  "oracle_metrics": {
    "total_unique_instances": 500,
    "total_unique_resolved": 448,
    "oracle_pass_rate": 89.60000000000001,
    "oracle_pass_rate_formatted": "89.60%"
  },
  "per_agent_resolved": {
    "20250522_tools_claude-4-opus": 366,
    "20250522_tools_claude-4-sonnet": 362,
    "20250519_trae": 353,
    "20250515_Refact_Agent": 352,
    "20250524_openhands_claude_4_sonnet": 352,
    "20250519_devlo": 351,
    "20250430_zencoder_ai": 350,
    "20250516_cortexa_o3": 341,
    "20250522_sweagent_claude-4-sonnet-20250514": 333,
    "20250514_aime_coder": 332,
    "20250415_openhands": 329,
    "20250316_augment_agent_v0": 327,
    "20250405_amazon-q-developer-agent-20250405-dev": 327,
    "20250117_wandb_programmer_o1_crosscheck5": 323,
    "20250503_patchpilot-v1.1-o4-mini": 323,
    "20250206_agentscope": 317,
    "20250224_tools_claude-3-7-sonnet": 316,
    "20250110_blackboxai_agent_v1.1": 314,
    "20250228_epam-ai-run-claude-3-5-sonnet": 314,
    "20250225_sweagent_claude-3-7-sonnet": 312,
    "20241221_codestory_midwit_claude-3-5-sonnet_swe-search": 311,
    "20250203_openhands_4x_scaled": 304,
    "20250110_learn_by_interact_claude3.5": 301,
    "20250410_cortexa": 291,
    "20241213_devlo": 291,
    "20241223_emergent": 286,
    "20241208_gru": 285,
    "20241212_epam-ai-run-claude-3-5-sonnet": 277,
    "20241202_amazon-q-developer-agent-20241202-dev": 275,
    "20241108_devlo": 271,
    "20250120_Bracket": 266,
    "20241029_OpenHands-CodeAct-2.1-sonnet-20241022": 265,
    "20241212_google_jules_gemini_2.0_flash_experimental": 261,
    "20241125_enginelabs": 259,
    "20250122_autocoderover-v2.1-claude-3-5-sonnet-20241022": 258,
    "20241202_agentless-1.5_claude-3.5-sonnet-20241022": 254,
    "20241028_solver": 250,
    "20241125_marscode-agent-dev": 250,
    "20241105_nfactorial": 246,
    "20241022_tools_claude-3-5-sonnet-updated": 245,
    "20241025_composio_swekit": 243,
    "20241106_navie-2-gpt4o-sonnet": 236,
    "20250520_openhands_devstral_small": 234,
    "20241023_emergent": 233,
    "20241108_autocoderover-v2.0-claude-3-5-sonnet-20241022": 231,
    "20250528_patchpilot_Co-PatcheR": 230,
    "20240924_solver": 227,
    "20240824_gru": 226,
    "20250118_codeshellagent_gemini_2.0_flash_experimental": 221,
    "20240920_solver": 218,
    "20250527_amazon.nova-premier-v1.0": 212,
    "20250214_agentless_lite_o3_mini": 212,
    "20250112_ugaiforge": 208,
    "20241030_nfactorial": 208,
    "20250226_swerl_llama3_70b": 206,
    "20241113_nebius-search-open-weight-models-11-24": 203,
    "20241022_tools_claude-3-5-haiku": 203,
    "20240820_honeycomb": 203,
    "20241016_composio_swekit": 203,
    "20250511_sweagent_lm_32b": 201,
    "20241029_epam-ai-run-claude-3-5-sonnet": 198,
    "20240721_amazon-q-developer-agent-20240719-dev": 194,
    "20241028_agentless-1.5_gpt4o": 194,
    "20240628_autocoderover-v20240620": 192,
    "20240617_factory_code_droid": 185,
    "20240620_sweagent_claude3.5sonnet": 168,
    "20250306_SWE-Fixer_Qwen2.5-7b-retriever_Qwen2.5-72b-editor": 164,
    "20240612_MASAI_gpt4o": 163,
    "20241120_artemis_agent": 160,
    "20241007_nfactorial": 158,
    "20241128_SWE-Fixer_Qwen2.5-7b-retriever_Qwen2.5-72b-editor_20241128": 151,
    "20241002_lingma-agent_lingma-swe-gpt-72b": 144,
    "20241016_epam-ai-run-gpt-4o": 135,
    "20240615_appmap-navie_gpt4o": 131,
    "20241001_nfactorial": 129,
    "20240509_amazon-q-developer-agent-20240430-dev": 128,
    "20240918_lingma-agent_lingma-swe-gpt-72b": 125,
    "20240820_epam-ai-run-gpt-4o": 120,
    "20240728_sweagent_gpt4o": 116,
    "20240402_sweagent_gpt4": 112,
    "20241002_lingma-agent_lingma-swe-gpt-7b": 91,
    "20240402_sweagent_claude3opus": 79,
    "20240918_lingma-agent_lingma-swe-gpt-7b": 51,
    "20240402_rag_claude3opus": 35,
    "20231010_rag_claude2": 22,
    "20240402_rag_gpt4": 14,
    "20231010_rag_swellama7b": 7,
    "20231010_rag_swellama13b": 6,
    "20231010_rag_gpt35": 2
  },
  "top_10_agents": [
    {
      "agent": "20250522_tools_claude-4-opus",
      "resolved_count": 366,
      "total_instances": 366,
      "individual_pass_rate": 100.0
    },
    {
      "agent": "20250522_tools_claude-4-sonnet",
      "resolved_count": 362,
      "total_instances": 362,
      "individual_pass_rate": 100.0
    },
    {
      "agent": "20250519_trae",
      "resolved_count": 353,
      "total_instances": 353,
      "individual_pass_rate": 100.0
    },
    {
      "agent": "20250515_Refact_Agent",
      "resolved_count": 352,
      "total_instances": 353,
      "individual_pass_rate": 99.71671388101983
    },
    {
      "agent": "20250524_openhands_claude_4_sonnet",
      "resolved_count": 352,
      "total_instances": 352,
      "individual_pass_rate": 100.0
    },
    {
      "agent": "20250519_devlo",
      "resolved_count": 351,
      "total_instances": 351,
      "individual_pass_rate": 100.0
    },
    {
      "agent": "20250430_zencoder_ai",
      "resolved_count": 350,
      "total_instances": 351,
      "individual_pass_rate": 99.71509971509973
    },
    {
      "agent": "20250516_cortexa_o3",
      "resolved_count": 341,
      "total_instances": 462,
      "individual_pass_rate": 73.80952380952381
    },
    {
      "agent": "20250522_sweagent_claude-4-sonnet-20250514",
      "resolved_count": 333,
      "total_instances": 333,
      "individual_pass_rate": 100.0
    },
    {
      "agent": "20250514_aime_coder",
      "resolved_count": 332,
      "total_instances": 332,
      "individual_pass_rate": 100.0
    }
  ],
  "resolved_instances_sample": [
    "astropy__astropy-12907",
    "astropy__astropy-13236",
    "astropy__astropy-13453",
    "astropy__astropy-13579",
    "astropy__astropy-14096",
    "astropy__astropy-14182",
    "astropy__astropy-14309",
    "astropy__astropy-14365",
    "astropy__astropy-14369",
    "astropy__astropy-14508",
    "astropy__astropy-14539",
    "astropy__astropy-14598",
    "astropy__astropy-14995",
    "astropy__astropy-7166",
    "astropy__astropy-7336",
    "astropy__astropy-7606",
    "astropy__astropy-7671",
    "astropy__astropy-8707",
    "astropy__astropy-8872",
    "django__django-10097"
  ]
}